,City,Cloudiness,Country,Date,Humidity,Lat,Lng,Max Temp,Wind Speed
0,Banda Aceh,59,ID,1575039776,88,5.56,95.32,76.08,4.65
1,Slatina,40,HR,1575039777,81,45.7,17.7,57.0,3.36
2,Yellowknife,75,CA,1575039778,85,62.45,-114.38,15.01,5.82
3,Mataura,37,NZ,1575039779,89,-46.19,168.86,46.99,1.45
4,Kodiak,90,US,1575039780,100,39.95,-94.76,36.0,8.05
5,Hithadhoo,100,MV,1575039781,94,-0.6,73.08,76.64,17.25
6,Provideniya,100,RU,1575039783,95,64.42,-173.23,17.94,12.35
7,Torbay,90,CA,1575039784,100,47.66,-52.73,37.0,25.28
8,Lagoa,75,PT,1575039785,88,37.14,-8.45,66.99,5.82
9,Kupang,40,ID,1575039786,78,-10.16,123.6,82.4,5.82
10,Bonavista,100,CA,1575039787,85,48.65,-53.11,35.01,21.99
11,Saskylakh,100,RU,1575039789,97,71.97,114.09,-19.86,11.59
12,Terrace,5,CA,1575039778,73,54.52,-128.61,19.4,16.11
13,Ushuaia,75,AR,1575039770,66,-54.81,-68.31,46.4,20.8
14,Hobart,90,AU,1575039792,87,-42.88,147.33,48.2,6.93
15,Khor,0,RU,1575039794,71,47.88,134.96,8.98,12.84
16,Cidreira,0,BR,1575039795,69,-30.17,-50.22,69.44,25.64
17,Castro,75,CL,1575039796,81,-42.48,-73.76,51.8,10.29
18,Saint-Philippe,90,CA,1575039797,86,45.36,-73.48,30.2,4.7
19,Muroto,0,JP,1575039798,78,33.37,134.14,39.78,6.29
20,Port Lincoln,0,AU,1575039800,76,-34.72,135.86,52.74,7.99
21,Arraial do Cabo,40,BR,1575039801,66,-22.97,-42.02,84.2,9.17
22,Campbell River,20,CA,1575039615,85,50.02,-125.24,25.0,2.24
23,Umm Lajj,0,SA,1575039803,53,25.02,37.27,72.84,4.14
24,Rikitea,38,PF,1575039804,80,-23.12,-134.97,76.89,5.93
25,Sur,17,OM,1575039805,46,22.57,59.53,72.7,11.97
26,Nikolskoye,90,RU,1575039807,97,59.7,30.79,34.0,11.18
27,Saldanha,61,PT,1575039808,74,41.42,-6.55,56.37,5.17
28,Tasiilaq,75,GL,1575039809,79,65.61,-37.64,24.8,8.05
29,Port Elizabeth,1,US,1575039810,51,39.31,-74.98,39.99,10.29
30,Chuy,0,UY,1575039811,44,-33.69,-53.46,75.51,9.95
31,Upata,84,VE,1575039812,59,8.02,-62.41,85.14,3.18
32,Dikson,100,RU,1575039814,98,73.51,80.55,-4.16,8.9
33,Touros,75,BR,1575039815,52,-5.2,-35.46,87.8,16.11
34,Minggang,100,CN,1575039816,70,32.45,114.03,45.09,3.8
35,Leningradskiy,100,RU,1575039817,95,69.38,178.42,1.13,11.12
36,Nabire,71,ID,1575039818,95,-3.36,135.5,73.92,1.99
37,Butaritari,100,KI,1575039819,70,3.07,172.79,83.39,4.03
38,Ponta do Sol,100,BR,1575039821,85,-20.63,-46.0,72.05,3.74
39,Hermanus,33,ZA,1575039822,71,-34.42,19.24,75.0,11.01
40,New Norfolk,90,AU,1575039823,87,-42.78,147.06,48.2,6.93
41,Ribeira Grande,20,PT,1575039824,73,38.52,-28.7,69.8,10.29
42,Tete,40,MZ,1575039825,41,-16.16,33.59,95.0,12.75
43,Sola,100,TZ,1575039827,84,-3.17,33.8,67.19,3.94
44,Busselton,0,AU,1575039828,35,-33.64,115.35,59.0,17.63
45,Deputatskiy,100,RU,1575039829,84,69.3,139.9,-14.26,2.48
46,Constitucion,40,MX,1575039830,100,23.99,-104.67,55.99,3.36
47,Sitka,100,US,1575039831,97,37.17,-99.65,37.0,7.0
48,Kununurra,2,AU,1575039832,79,-15.77,128.74,84.2,5.82
49,Port Alfred,35,ZA,1575039834,84,-33.59,26.89,73.0,5.99
50,Lasa,75,CY,1575039835,68,34.92,32.53,69.8,6.93
51,Tuatapere,3,NZ,1575039836,89,-46.13,167.69,46.99,2.48
52,Butembo,58,CD,1575039837,94,0.12,29.29,68.34,2.51
53,Berlevag,75,NO,1575039838,92,70.86,29.09,32.0,8.05
54,Inuvik,90,CA,1575039840,92,68.36,-133.71,24.8,3.36
55,Aden,61,YE,1575039625,59,12.79,45.03,78.93,8.3
56,Tuktoyaktuk,75,CA,1575039842,85,69.44,-133.03,21.2,11.41
57,Roald,40,NO,1575039843,64,62.58,6.12,35.6,8.05
58,Punta Arenas,75,CL,1575039844,57,-53.16,-70.91,48.2,5.82
59,Rincon,20,PA,1575039846,83,8.46,-82.28,80.6,2.24
60,Semey,94,KZ,1575039847,84,50.41,80.25,1.4,2.24
61,Georgetown,75,GY,1575039826,79,6.8,-58.16,84.2,4.7
62,Airai,99,TL,1575039849,72,-8.93,125.41,67.71,2.39
63,Boa Vista,20,BR,1575039851,55,2.82,-60.67,87.8,9.17
64,Loma Bonita,82,MX,1575039852,90,18.11,-95.88,75.72,4.74
65,Baft,0,IR,1575039853,49,29.23,56.61,47.1,5.5
66,Isangel,67,VU,1575039855,72,-19.55,169.27,73.04,16.64
67,Atar,0,MR,1575039856,15,20.52,-13.05,91.4,9.84
68,Xichang,0,CN,1575039857,29,27.88,102.25,62.01,4.14
69,Srednekolymsk,51,RU,1575039858,97,67.46,153.71,-25.2,3.89
70,Vaini,20,IN,1575039859,73,15.34,74.49,73.4,3.36
71,Hamilton,90,CA,1575039689,79,43.26,-79.87,30.99,5.82
72,Fare,100,PF,1575039862,78,-16.7,-151.02,81.41,9.6
73,Acapulco,40,MX,1575039863,78,16.86,-99.88,78.8,4.7
74,Tiksi,100,RU,1575039864,90,71.64,128.87,-9.87,5.14
75,Sao Jose da Coroa Grande,0,BR,1575039865,70,-8.9,-35.15,79.75,11.14
76,Pamyat Parizhskoy Kommuny,90,RU,1575039866,74,56.1,44.5,30.2,11.18
77,Karaman,70,TR,1575039868,91,37.18,33.22,48.02,12.55
78,Albany,75,US,1575039772,67,42.65,-73.75,33.01,12.75
79,Buribay,37,RU,1575039870,78,51.96,58.16,12.67,4.43
80,Qaanaaq,100,GL,1575039871,92,77.48,-69.36,8.47,8.97
81,Avarua,66,CK,1575039873,94,-21.21,-159.78,69.8,1.12
82,East London,20,ZA,1575039874,83,-33.02,27.91,69.8,17.22
83,Hualmay,59,PE,1575039875,59,-11.1,-77.61,72.84,8.32
84,Bandarbeyla,80,SO,1575039876,76,9.49,50.81,80.2,26.19
85,Vila Franca do Campo,20,PT,1575039877,88,37.72,-25.43,68.0,10.29
86,Hilo,90,US,1575039879,88,19.71,-155.08,69.01,8.05
87,Puerto Quijarro,40,BO,1575039880,59,-19.0,-57.72,91.4,4.7
88,Kalach-na-Donu,90,RU,1575039881,89,48.69,43.52,32.0,11.18
89,Ligayan,95,PH,1575039882,75,4.65,119.47,83.93,10.0
90,Kapaa,20,US,1575039883,78,22.08,-159.32,77.0,12.75
91,Lompoc,90,US,1575039600,93,34.64,-120.46,39.99,5.82
92,Puerto Ayora,75,EC,1575039886,69,-0.74,-90.35,75.2,15.32
93,Henties Bay,0,NA,1575039887,76,-22.12,14.28,69.01,10.0
94,Atuona,19,PF,1575039888,74,-9.8,-139.03,78.58,16.91
95,Fortuna,75,US,1575039889,90,40.6,-124.16,33.8,10.29
96,Salalah,75,OM,1575039890,54,17.01,54.1,82.4,9.17
97,Knysna,75,ZA,1575039892,72,-34.04,23.05,68.0,10.29
98,Ranipur,14,IN,1575039893,52,25.25,79.06,72.55,7.85
99,Mar del Plata,99,AR,1575039894,29,-46.43,-67.52,64.24,18.3
100,Kahului,20,US,1575039602,64,20.89,-156.47,73.4,6.93
101,Jamestown,61,AU,1575039896,85,-33.21,138.6,52.84,14.0
102,Ancud,75,CL,1575039898,81,-41.87,-73.83,51.8,10.29
103,Kedrovyy,75,RU,1575039899,72,56.17,91.82,14.0,11.18
104,Morros,75,BR,1575039900,62,-2.87,-44.04,87.8,17.22
105,Aykhal,100,RU,1575039901,95,65.95,111.51,-1.98,16.75
106,Havre-Saint-Pierre,90,CA,1575039902,62,50.23,-63.6,24.8,21.92
107,Mahebourg,20,MU,1575039903,74,-20.41,57.7,82.4,3.36
108,Rafraf,20,TN,1575039905,40,37.19,10.18,71.6,9.17
109,Norman Wells,75,CA,1575039906,85,65.28,-126.83,10.4,3.36
110,Bredasdorp,0,ZA,1575039907,39,-34.53,20.04,80.6,20.8
111,Magadan,100,RU,1575039908,57,59.56,150.8,5.47,10.63
112,Carnarvon,52,ZA,1575039909,10,-30.97,22.13,92.57,22.24
113,Narsaq,40,GL,1575039911,52,60.91,-46.05,19.4,3.36
114,Sisimiut,100,GL,1575039912,92,66.94,-53.67,22.87,18.45
115,Winfield,90,US,1575039913,100,37.24,-97.0,41.0,8.05
116,Mount Isa,100,AU,1575039914,54,-20.73,139.49,82.4,4.7
117,Hofn,75,IS,1575039915,63,64.25,-15.21,30.2,8.05
118,Bluff,99,AU,1575039916,74,-23.58,149.07,70.84,12.35
119,Tommot,0,RU,1575039917,93,58.97,126.27,-5.4,1.5
120,Cherskiy,100,RU,1575039919,94,68.75,161.3,-11.72,9.75
121,Cape Town,20,ZA,1575039920,53,-33.93,18.42,75.0,17.22
122,Palmer,25,AU,1575039921,81,-34.85,139.16,55.99,4.7
123,Inhambane,0,MZ,1575039922,33,-23.87,35.38,86.0,14.99
124,Codrington,40,AU,1575039923,88,-28.95,153.24,71.6,10.29
125,Barcelona,20,ES,1575039845,82,41.38,2.18,64.99,10.29
126,Alofi,75,NU,1575039926,88,-19.06,-169.92,69.8,2.24
127,Los Alamos,90,US,1575039927,100,35.88,-106.3,41.0,5.82
128,Padang,94,ID,1575039928,96,-0.92,100.36,69.33,3.78
129,Mount Gambier,40,AU,1575039929,93,-37.83,140.78,42.8,4.7
130,Khatanga,85,RU,1575039931,97,71.98,102.47,-27.22,6.58
131,Rio Grande,0,BR,1575039932,51,-32.03,-52.1,82.99,12.75
132,Pastavy,86,BY,1575039933,95,55.11,26.84,39.22,11.97
133,Faanui,100,PF,1575039934,78,-16.48,-151.75,80.65,6.69
134,San Carlos,84,NI,1575039935,1,11.12,-84.78,73.99,15.01
135,Mikhaylovka,32,RU,1575039937,93,52.96,103.29,-0.67,1.7
136,Naze,81,NG,1575039938,40,5.43,7.07,92.26,3.85
137,Kysyl-Syr,98,RU,1575039939,96,63.9,122.77,0.79,5.59
138,Zhigansk,100,RU,1575039940,96,66.77,123.37,-5.66,22.95
139,Hambantota,40,LK,1575039942,100,6.12,81.12,78.8,1.12
140,Sao Filipe,0,CV,1575039943,74,14.9,-24.5,76.08,17.09
141,Kupino,61,RU,1575039944,95,54.36,77.31,6.15,6.4
142,Kavieng,100,PG,1575039946,70,-2.57,150.8,83.61,6.96
143,Campobello di Mazara,20,IT,1575039947,68,37.64,12.74,64.4,20.8
144,Karratha,0,AU,1575039948,73,-20.74,116.85,81.14,14.45
145,Tomatlan,0,MX,1575039949,58,19.93,-105.25,72.81,2.51
146,Tadpatri,0,IN,1575039950,72,14.92,78.02,75.06,9.01
147,Iqaluit,90,CA,1575039951,73,63.75,-68.52,21.2,16.24
148,Thompson,75,CA,1575039952,76,55.74,-97.86,-7.6,2.66
149,Chapais,90,CA,1575039954,78,49.78,-74.86,10.4,8.05
150,Luderitz,2,NA,1575039955,53,-26.65,15.16,75.2,16.11
151,Santa Vitoria do Palmar,0,BR,1575039701,44,-33.52,-53.37,75.51,9.95
152,Hope,90,US,1575039958,76,33.67,-93.59,52.0,5.82
153,Urk,75,NL,1575039962,70,52.67,5.6,46.99,13.87
154,Port Hawkesbury,90,CA,1575039963,93,45.62,-61.36,39.99,20.8
155,Marquette,100,US,1575039891,86,46.54,-87.4,30.0,1.61
156,Souillac,40,FR,1575039965,71,45.6,-0.6,59.0,10.29
157,Coro,10,VE,1575039967,69,11.41,-69.67,83.32,8.95
158,Isiro,25,CD,1575039968,77,2.77,27.62,78.37,3.49
159,Lebu,51,ET,1575039969,84,8.96,38.73,58.33,6.06
160,Ayan,69,IR,1575039971,69,38.23,44.7,33.58,6.53
161,Matara,100,BI,1575039972,93,-3.48,29.48,63.63,2.04
162,Machacamarca,100,BO,1575039974,20,-17.45,-67.6,58.73,3.11
163,Chokurdakh,0,RU,1575039975,86,70.62,147.9,-23.93,6.93
164,Hengshui,98,CN,1575039976,39,37.73,115.7,38.08,4.03
165,Havelock,40,US,1575039977,61,34.88,-76.9,50.0,9.17
166,Kajaani,90,FI,1575039978,85,64.22,27.73,23.0,9.17
167,Tornio,90,FI,1575039980,100,61.12,27.27,37.4,13.87
168,Richards Bay,100,ZA,1575039981,76,-28.77,32.06,81.19,25.23
169,Yumen,69,CN,1575039982,58,40.29,97.04,22.53,5.61
170,Inta,100,RU,1575039983,92,66.04,60.13,20.75,10.07
171,Goderich,100,CA,1575039985,86,43.74,-81.71,32.0,3.0
172,Mandalgovi,68,MN,1575039986,63,45.76,106.27,5.9,23.06
173,Beni,13,CD,1575039987,87,0.49,29.47,74.89,1.39
174,Kastamonu,65,TR,1575039988,83,41.38,33.78,43.65,0.34
175,Scottsboro,90,US,1575039989,62,34.67,-86.03,52.0,5.82
176,Bambous Virieux,20,MU,1575039990,74,-20.34,57.76,82.4,3.36
177,Kruisfontein,16,ZA,1575039992,63,-34.0,24.73,68.88,16.2
178,Leh,100,IN,1575039993,88,34.16,77.58,5.29,3.02
179,La Ronge,90,CA,1575039994,92,55.1,-105.3,12.2,4.7
180,Solnechnyy,0,RU,1575039995,82,50.72,136.64,-2.06,2.28
181,Pangody,34,RU,1575039996,81,65.85,74.49,-13.94,10.38
182,Gloversville,40,US,1575039998,74,43.05,-74.34,33.01,8.05
183,Port Blair,29,IN,1575039800,79,11.67,92.75,83.44,17.4
184,Senanga,92,ZM,1575040000,37,-16.1,23.3,88.59,6.08
185,Quilali,75,NI,1575040001,82,13.57,-86.03,68.0,18.34
186,San Quintin,99,PH,1575040003,72,17.54,120.52,68.85,10.98
187,Margate,90,AU,1575040004,87,-43.03,147.26,48.2,6.93
188,Bethel,90,US,1575040005,84,60.79,-161.76,15.8,5.82
189,Olivehurst,1,US,1575040006,85,39.1,-121.55,37.99,3.36
190,Kasongo,34,CD,1575040007,81,-4.43,26.67,82.81,0.51
191,Barahona,40,DO,1575040009,66,18.21,-71.1,84.2,6.93
192,Maroantsetra,100,MG,1575040010,97,-15.43,49.74,70.77,1.59
193,Siavonga,100,ZW,1575040011,48,-16.54,28.71,90.52,0.89
194,Barrow,35,AR,1575040012,22,-38.31,-60.23,77.94,26.35
195,Chicama,90,PE,1575040014,82,-7.84,-79.15,68.0,8.05
196,Flinders,0,AU,1575040015,88,-34.58,150.85,66.0,5.82
197,Porto Novo,75,BR,1575040016,64,-23.68,-45.44,73.4,2.24
198,Anadyr,90,RU,1575040017,92,64.73,177.51,26.6,55.92
199,Manicore,53,BR,1575040019,50,-5.81,-61.3,92.17,3.4
200,The Valley,20,AI,1575040020,62,18.22,-63.06,84.2,2.24
201,Arvi,2,IN,1575040021,50,21.0,78.23,73.74,3.76
202,Laguna,75,BZ,1575040022,88,16.17,-88.94,78.8,1.39
203,Melo,0,UY,1575040023,54,-32.37,-54.17,77.86,8.39
204,Komsomolskiy,100,RU,1575040024,94,67.55,63.78,8.17,14.5
205,Ust-Tsilma,100,RU,1575040026,91,65.44,52.15,29.91,10.6
206,Osypenko,90,UA,1575040027,93,48.04,34.39,48.2,11.18
207,Buala,0,SB,1575040028,80,-8.15,159.59,78.98,4.47
208,Katete,100,UG,1575040029,94,-0.78,29.75,65.79,1.28
209,Nioro,0,GM,1575040030,9,13.79,-15.05,104.36,12.95
210,Dawlatabad,49,AF,1575040031,47,36.41,64.91,48.38,8.5
211,Pacific Grove,40,US,1575039952,100,36.62,-121.92,37.99,7.31
212,Darhan,100,MN,1575040034,95,49.49,105.92,-0.96,7.18
213,Trofors,90,NO,1575040035,92,65.54,13.39,32.0,1.12
214,Ahuimanu,20,US,1575040036,69,21.44,-157.84,77.0,9.17
215,Northam,0,AU,1575040037,30,-31.65,116.67,68.0,16.11
216,Murmino,83,RU,1575039879,96,54.6,40.05,32.0,8.99
217,Akhmim,0,EG,1575040040,33,26.56,31.74,77.0,13.87
218,Beringovskiy,100,RU,1575040041,95,63.05,179.32,31.37,48.21
219,Panaba,74,MX,1575040042,75,21.28,-88.27,79.61,9.53
220,Stettler,100,CA,1575040043,89,52.32,-112.71,7.0,3.89
221,Mae Sai,0,MM,1575040044,94,20.44,99.89,68.0,2.24
222,Chamonix-Mont-Blanc,75,IT,1575040046,81,45.92,6.87,51.8,10.29
223,Bowen,75,AU,1575040047,83,-20.01,148.25,72.0,11.7
224,Sao Geraldo do Araguaia,68,BR,1575040048,61,-6.4,-48.55,91.51,1.19
225,Meulaboh,100,ID,1575040049,76,4.14,96.13,83.3,4.59
226,Kudus,40,ID,1575040050,74,-6.82,110.84,84.2,2.24
227,Carutapera,12,BR,1575039862,77,-1.2,-46.02,82.13,15.75
228,Hanzhong,100,CN,1575040052,76,33.08,107.03,40.3,3.0
229,Clyde River,90,CA,1575040054,84,70.47,-68.59,-2.2,8.05
230,Muros,20,ES,1575040055,82,42.77,-9.06,62.01,6.93
231,Avera,90,US,1575040056,51,33.19,-82.53,55.4,6.93
232,Eureka,75,US,1575039792,75,40.8,-124.16,33.8,10.29
233,Chake Chake,0,TZ,1575040059,76,-5.25,39.77,82.8,14.23
234,Khasan,0,RU,1575040060,52,42.43,130.64,18.54,6.46
235,San Julian,56,PH,1575040061,78,11.75,125.45,80.42,16.06
236,Maragogi,0,BR,1575040062,70,-9.01,-35.22,79.75,11.14
237,Jalu,7,LY,1575040063,35,29.03,21.55,70.99,3.6
238,Potosi,69,BO,1575040065,26,-19.59,-65.75,63.86,4.36
239,Garden City,90,US,1575039868,79,43.62,-116.24,30.2,3.36
240,Balkanabat,69,TM,1575040067,48,39.51,54.36,50.59,7.0
241,Lebork,75,PL,1575040068,86,54.54,17.75,41.0,16.11
242,Spornoye,90,RU,1575040069,100,50.84,37.29,39.2,15.66
243,Labuhan,100,ID,1575040070,89,-2.54,115.51,76.51,1.79
244,Sarangani,100,PH,1575040072,75,5.4,125.46,82.6,5.46
245,Lata,31,IN,1575040073,70,30.78,78.62,16.07,6.93
246,Mackay,90,CA,1575040074,85,53.65,-115.58,12.2,4.7
247,Along,0,IN,1575040075,92,28.17,94.8,55.74,4.32
248,Chimbote,81,PE,1575040076,61,-9.08,-78.59,74.05,8.08
249,Nanakuli,40,US,1575040077,65,21.39,-158.15,77.0,10.29
250,Alto Araguaia,62,BR,1575040079,71,-17.32,-53.22,81.1,5.17
251,Necochea,80,AR,1575040080,31,-38.55,-58.74,82.0,11.99
252,Shanghai,37,CN,1575039791,71,31.23,121.49,55.0,4.47
253,Mehran,40,IR,1575040082,62,33.12,46.17,53.6,4.7
254,Rantepao,100,ID,1575039856,97,-2.97,119.9,66.85,1.5
255,Wharton,0,GB,1575040084,70,53.2,-2.51,45.0,2.24
256,Coos Bay,1,US,1575040085,92,43.37,-124.22,35.01,4.7
257,Watsa,38,CD,1575040087,86,3.04,29.53,75.61,1.72
258,Zeya,99,RU,1575040088,100,53.74,127.27,-9.74,4.83
259,Longyearbyen,40,NO,1575040089,64,78.22,15.63,-0.4,19.46
260,Liverpool,20,GB,1575039958,81,53.41,-2.98,45.0,1.12
261,Salinas,40,US,1575040091,100,36.67,-121.66,39.0,2.33
262,San Patricio,0,PY,1575040092,48,-26.98,-56.83,90.21,6.82
263,Ambon,20,FR,1575040094,71,47.55,-2.56,57.0,4.7
264,Geraldton,90,CA,1575040095,85,49.72,-86.95,12.2,3.36
265,Vao,100,EE,1575040096,95,59.1,26.19,38.21,10.54
266,Pevek,100,RU,1575040097,77,69.7,170.27,-2.81,3.78
267,Antropovo,90,RU,1575040098,92,55.25,37.65,39.0,17.9
268,Celestun,6,MX,1575040099,78,20.87,-90.4,76.84,12.64
269,Nola,88,CF,1575040101,57,3.52,16.05,83.77,1.23
270,Kirakira,0,SB,1575040102,87,-10.46,161.92,76.37,4.09
271,Buraydah,0,SA,1575040103,60,26.33,43.97,75.2,6.93
272,Mehamn,75,NO,1575040104,92,71.03,27.85,30.2,10.29
273,Tolcayuca,5,MX,1575040105,67,19.96,-98.92,59.0,9.17
274,Udachnyy,100,RU,1575040106,93,66.42,112.4,0.81,14.03
275,Bathsheba,40,BB,1575040107,62,13.22,-59.52,87.8,9.17
276,Codo,20,ES,1575040109,59,41.33,-0.7,66.2,10.29
277,Shingu,0,JP,1575040110,62,33.72,135.99,49.64,11.9
278,Bani,0,YE,1575040111,60,16.02,42.93,83.21,8.41
279,Gaoua,12,BF,1575040112,9,10.33,-3.18,99.86,11.9
280,Saint George,20,GR,1575040113,45,39.45,22.34,68.0,9.17
281,Lerwick,75,GB,1575039925,66,60.15,-1.15,39.2,1.12
282,Caravelas,100,BR,1575040116,56,-17.73,-39.27,89.15,11.5
283,Nyurba,100,RU,1575040117,92,63.29,118.35,5.61,8.86
284,Ponta Delgada,20,PT,1575040118,88,37.73,-25.67,68.0,10.29
285,Plymouth,75,GB,1575040120,93,50.37,-4.14,46.99,12.75
286,Vardo,1,US,1575040121,60,39.62,-77.74,43.0,8.05
287,Maniitsoq,100,GL,1575040122,92,65.42,-52.9,24.71,8.79
288,Popondetta,100,PG,1575040123,89,-8.77,148.24,66.31,2.57
289,Aras,20,ES,1575040124,62,42.56,-2.36,59.0,3.36
290,Almendralejo,90,ES,1575040125,72,38.68,-6.41,64.4,8.05
291,Tricase,40,IT,1575040127,82,39.93,18.36,66.2,5.82
292,Novo Aripuana,64,BR,1575040128,43,-5.12,-60.38,97.61,2.01
293,Saint-Pierre,90,FR,1575040129,81,48.95,4.24,46.99,9.17
294,Amparafaravola,15,MG,1575040130,74,-17.68,48.22,73.69,10.51
295,Kamina,77,CD,1575040131,83,-8.74,25.0,75.58,3.24
296,Walvis Bay,26,NA,1575040132,56,-22.95,14.51,73.4,13.87
297,Alice Springs,17,AU,1575040134,19,-23.7,133.88,87.8,8.05
298,Severo-Kurilsk,92,RU,1575040135,91,50.68,156.12,19.96,26.06
299,Marrakesh,100,MA,1575040136,27,31.63,-7.99,78.8,3.36
300,Cheremukhovo,46,RU,1575040137,65,56.23,46.23,28.17,13.49
301,Upernavik,100,GL,1575040138,95,72.79,-56.15,25.59,11.39
302,Altamont,90,CA,1575040139,100,49.4,-98.5,24.8,6.93
303,Broome,20,GB,1575040141,75,52.47,1.45,46.0,6.93
304,Nhulunbuy,0,AU,1575040142,74,-12.18,136.78,80.6,4.7
305,Waterford,10,IE,1575040090,75,52.26,-7.11,48.0,10.29
306,Cap Malheureux,20,MU,1575040144,74,-19.98,57.61,82.4,3.36
307,Grafton,100,AU,1575040146,94,-29.69,152.93,69.8,2.24
308,Comodoro Rivadavia,40,AR,1575040087,39,-45.87,-67.48,62.6,17.22
309,Maldonado,0,UY,1575040148,32,-34.91,-54.96,84.2,13.87
310,Manaira,0,BR,1575040149,16,-7.71,-38.15,95.92,2.89
311,Puerto Carreno,100,CO,1575040150,66,6.19,-67.49,86.0,10.29
312,Arlit,0,NE,1575040151,8,18.74,7.39,94.14,10.42
313,Shenjiamen,31,CN,1575040153,69,29.96,122.3,58.39,15.97
314,Makat,100,KZ,1575040154,65,47.65,53.35,36.81,22.44
315,Taylorville,90,US,1575039875,93,39.55,-89.29,37.99,4.7
316,Waipawa,78,NZ,1575040157,89,-39.94,176.59,55.99,2.84
317,Kaeo,2,NZ,1575040158,100,-35.1,173.78,60.01,3.58
318,Lenine,100,UA,1575040159,87,45.3,35.78,54.18,13.02
319,Freeport,20,BS,1575040160,73,26.54,-78.7,75.2,13.87
320,Brownsville,90,US,1575040162,94,25.91,-97.49,77.0,8.05
321,Saint-Joseph,0,FR,1575040163,32,43.56,6.97,68.0,19.46
322,Soller,20,DE,1575040164,70,50.73,6.56,48.99,12.75
323,Gornopravdinsk,100,RU,1575040165,96,60.06,69.92,13.77,5.75
324,Eyl,97,SO,1575040166,70,7.98,49.82,80.82,28.07
325,Sorland,75,NO,1575040168,73,67.67,12.69,32.0,26.4
326,Polovinnoye,65,RU,1575040169,80,54.79,65.99,15.57,8.75
327,Noyon,75,FR,1575040170,81,49.58,3.0,48.99,10.29
328,Filadelfia,17,PY,1575040171,37,-22.35,-60.04,95.09,11.97
329,Hohhot,75,CN,1575040172,100,40.81,111.65,28.4,2.24
330,Hasaki,20,JP,1575040173,39,35.73,140.83,32.0,2.24
331,Yenagoa,100,NG,1575040175,55,4.92,6.26,89.92,1.77
332,Mpraeso,48,GH,1575040176,34,6.6,-0.73,90.14,5.93
333,Mongomo,97,GA,1575040177,89,1.63,11.31,77.02,2.59
334,Sioux Lookout,90,CA,1575040178,92,50.1,-91.92,15.8,2.24
335,Sobolevo,100,RU,1575040179,97,54.43,31.9,35.6,10.54
336,Kampene,29,CD,1575040181,91,-3.59,26.67,78.64,0.96
337,Puebla,5,MX,1575039918,81,19.04,-98.2,50.0,4.76
338,Sinnar,2,IN,1575040183,55,19.85,74.0,74.17,1.57
339,Kailua,20,US,1575040184,69,21.39,-157.74,77.0,9.17
340,Plettenberg Bay,0,ZA,1575040186,74,-34.05,23.37,67.57,8.37
341,Tel Aviv-Yafo,10,IL,1575040187,68,32.08,34.78,69.8,9.17
342,Hirado,0,JP,1575040188,52,33.32,129.49,55.4,8.05
343,Los Llanos de Aridane,0,ES,1575040189,73,28.66,-17.92,73.99,13.87
344,Coquimbo,40,CL,1575040190,67,-29.95,-71.34,84.99,9.17
345,Acajutla,100,SV,1575040192,61,13.59,-89.83,80.6,4.43
346,Luis Correia,20,BR,1575040193,59,-2.88,-41.67,91.4,20.8
347,Vila Velha,40,BR,1575040194,55,-3.71,-38.6,87.8,17.22
348,Tabuk,90,PH,1575040195,85,17.41,121.44,66.65,7.0
349,Sabang,51,PH,1575040196,80,13.8,121.11,72.09,11.14
350,Nanortalik,100,GL,1575040197,70,60.14,-45.24,37.56,7.2
351,Half Moon Bay,20,US,1575040199,86,37.46,-122.43,44.01,8.05
352,Warrnambool,35,AU,1575040200,76,-38.38,142.48,60.01,11.01
353,Talnakh,23,RU,1575040201,74,69.49,88.39,-27.4,2.24
354,Gwadar,0,PK,1575040202,49,25.12,62.33,74.25,4.81
355,Sussex,75,CA,1575040203,86,45.72,-65.51,33.01,19.46
356,Idukki,100,IN,1575040204,95,9.85,76.97,67.05,4.16
357,Burgeo,100,CA,1575040206,76,47.61,-57.61,41.34,27.13
358,Champerico,40,MX,1575040207,88,16.38,-93.6,71.6,3.36
359,Namatanai,100,PG,1575040208,73,-3.66,152.44,82.11,4.09
360,Clyde,100,NZ,1575040209,76,-45.19,169.32,48.99,0.63
361,Shakiso,47,ET,1575040210,88,5.77,38.9,63.73,1.3
362,Sao Joao da Barra,90,BR,1575040212,73,-21.64,-41.05,77.0,13.87
363,Kletskaya,93,RU,1575040213,94,49.31,43.06,34.0,5.99
364,Tala,5,MX,1575040214,77,20.65,-103.7,62.01,2.26
365,Lavrentiya,100,RU,1575040215,81,65.58,-170.99,21.02,12.95
366,Mandal,100,MN,1575040216,99,48.82,106.5,-3.78,3.49
367,Cedar City,90,US,1575040218,100,37.68,-113.06,30.2,9.17
368,Lensk,99,RU,1575040219,90,60.71,114.91,5.68,11.7
369,Sanary-sur-Mer,0,FR,1575040220,55,43.12,5.8,64.99,13.87
370,Tucuman,95,PE,1575040221,28,-17.17,-70.89,70.66,10.87
371,Cabra,90,ES,1575040222,55,37.47,-4.43,66.2,3.36
372,Hushitai,100,CN,1575040224,53,41.93,123.51,21.2,4.47
373,Sasaram,0,IN,1575040225,48,24.95,84.01,72.39,1.9
374,Nemuro,5,JP,1575040226,69,43.32,145.57,32.32,18.59
375,Bose,0,IT,1575040227,71,45.46,8.01,55.4,3.36
376,Mizan Teferi,19,ET,1575040228,92,6.99,35.58,67.5,0.87
377,Marzuq,96,YE,1575040230,22,14.4,46.47,70.23,10.27
378,Bubaque,0,GW,1575040175,53,11.28,-15.83,84.29,6.38
379,Coihaique,75,CL,1575040232,71,-45.58,-72.07,51.8,8.05
380,Robertsport,49,LR,1575040233,72,6.75,-11.37,82.96,6.46
381,Santa Cruz,4,BR,1575040234,33,-6.22,-36.02,93.96,10.49
382,Khash,0,IR,1575040236,30,28.22,61.21,56.05,3.76
383,Jammalamadugu,8,IN,1575040237,79,14.85,78.38,73.83,5.82
384,Kudahuvadhoo,100,MV,1575040238,78,2.67,72.89,80.56,2.28
385,Lokoja,0,NG,1575040239,21,7.8,6.74,94.37,3.62
386,Kandalaksha,100,RU,1575040241,99,67.15,32.41,34.59,10.8
387,Okha,100,RU,1575040242,91,53.59,142.95,16.83,19.48
388,Miraflores,98,PE,1575040243,22,-16.39,-71.52,66.2,6.93
389,Cayenne,40,GF,1575040244,66,4.94,-52.33,87.8,6.93
390,Suntar,92,RU,1575040245,88,62.16,117.65,7.27,7.49
391,Diphu,0,IN,1575040247,97,25.84,93.44,64.44,0.74
392,Pemba,75,MZ,1575040248,74,-12.97,40.52,86.0,10.29
393,Corning,100,US,1575040249,74,42.14,-77.05,30.2,5.82
394,Orocue,61,CO,1575040250,61,4.79,-71.34,86.88,9.4
395,Dingle,71,PH,1575040251,89,11.0,122.67,74.08,12.21
396,Olinda,75,AU,1575040253,100,-37.84,145.39,55.0,5.82
397,Axim,51,GH,1575040254,62,4.87,-2.24,87.44,8.01
398,Snyder,90,US,1575040255,100,32.72,-100.92,44.6,6.93
399,Chara,20,GR,1575040256,45,39.42,22.43,68.0,9.17
400,Windhoek,40,NA,1575040257,22,-22.57,17.08,86.0,12.75
401,Havoysund,75,NO,1575040258,92,71.0,24.66,30.2,21.92
402,Thomasville,40,US,1575039996,53,35.88,-80.08,51.01,1.14
403,Shelburne,90,CA,1575040223,85,44.08,-80.2,28.0,4.7
404,Thayetmyo,0,MM,1575040262,79,19.32,95.18,73.72,2.15
405,Draguignan,0,FR,1575040263,31,43.54,6.46,66.2,18.34
406,Nantucket,1,US,1575040264,64,41.28,-70.1,41.0,18.34
407,Concarneau,75,FR,1575040266,81,47.88,-3.92,55.99,3.36
408,Muhos,90,FI,1575040267,92,64.81,26.0,21.2,8.05
409,Vanavara,100,RU,1575040268,92,60.35,102.28,5.56,10.6
410,Esperance,90,AU,1575040269,62,-33.86,121.89,55.4,10.29
411,Namibe,75,AO,1575040270,74,-15.19,12.15,78.8,11.41
412,Kulhudhuffushi,100,MV,1575040271,78,6.62,73.07,80.62,8.08
413,Myitkyina,0,MM,1575040273,74,25.38,97.4,64.85,3.02
414,Tazovskiy,0,RU,1575040274,96,67.47,78.7,-15.34,7.76
415,Mangrol,5,IN,1575040222,64,25.33,76.51,70.99,10.87
416,Aliwal North,99,ZA,1575040276,19,-30.69,26.71,88.05,22.3
417,Belidzhi,0,RU,1575040278,75,41.87,48.39,51.31,0.6
418,Srandakan,66,ID,1575040279,82,-7.94,110.25,78.44,9.24
419,Peace River,5,CA,1575040280,78,56.23,-117.29,8.6,8.05
420,Chapleau,75,CA,1575040281,92,47.85,-83.4,14.0,4.7
421,Coahuayana,0,MX,1575040282,60,18.62,-100.35,75.79,0.81
422,Upington,20,ZA,1575040284,8,-28.46,21.24,105.8,12.75
423,Kiunga,66,PG,1575040285,81,-6.12,141.3,76.37,2.28
424,Cururupu,0,BR,1575040286,43,-1.82,-44.87,93.76,7.45
425,Cabo San Lucas,40,MX,1575039990,78,22.89,-109.91,73.99,9.17
426,Yulara,32,AU,1575040289,26,-25.24,130.99,82.4,17.22
427,Nkowakowa,0,ZA,1575040290,20,-23.89,30.29,84.2,10.29
428,Bara,74,NG,1575040291,13,10.41,10.6,93.97,11.59
429,Shasta Lake,90,US,1575040292,92,40.68,-122.36,39.2,1.61
430,Siauliai,20,LT,1575040293,93,55.93,23.32,41.0,11.41
431,Ammon,90,US,1575040003,92,43.47,-111.97,28.4,9.17
432,Itoman,75,JP,1575040296,56,26.12,127.67,68.0,16.11
433,Bakchar,90,RU,1575040297,97,57.02,82.07,7.03,4.61
434,Lufilufi,97,WS,1575040298,64,-13.87,-171.6,78.71,7.63
435,Mizdah,47,LY,1575040299,36,31.45,12.98,67.64,1.81
436,Loandjili,20,CG,1575040300,70,-4.77,11.87,86.0,14.99
437,San Vicente,40,EC,1575040302,83,-0.59,-80.41,78.8,9.17
438,Buzhakan,90,AM,1575040303,86,40.45,44.52,41.0,4.47
439,Ketchikan,1,US,1575040304,92,55.34,-131.65,33.8,3.36
440,Katsuura,40,JP,1575040305,65,33.93,134.5,46.4,6.93
441,Hoa Binh,43,VN,1575040306,73,20.81,105.34,69.8,6.93
442,Grindavik,75,IS,1575040307,64,63.84,-22.43,33.8,11.41
443,Lovozero,100,RU,1575040309,98,68.01,35.02,33.76,5.32
444,Hayden,1,US,1575040310,61,47.77,-116.79,21.0,12.75
445,Bondoukou,7,CI,1575040311,22,8.04,-2.8,94.23,7.9
446,Saint-Jovite,20,CA,1575040042,73,46.12,-74.6,28.0,4.7
447,Seoul,40,KR,1575040024,63,37.57,126.98,32.0,4.7
448,Wajir,75,KE,1575040314,62,1.75,40.07,87.8,3.36
449,Khandyga,100,RU,1575040316,97,62.65,135.58,-27.76,2.17
450,Quatre Cocos,20,MU,1575040317,74,-20.21,57.76,82.4,3.36
451,Gari,100,RU,1575040318,84,59.43,62.35,23.59,12.24
452,Thana,0,PK,1575040319,26,34.64,72.07,55.76,4.88
453,Guerrero Negro,100,MX,1575040320,78,27.97,-114.04,64.27,15.99
454,Paamiut,89,GL,1575040322,43,61.99,-49.67,29.44,8.52
455,Karatau,0,KZ,1575040323,73,43.18,70.46,11.46,3.2
456,Troitskoye,100,RU,1575040324,94,52.98,84.68,14.18,9.66
457,Matipo,100,BR,1575040325,96,-20.28,-42.34,69.62,2.59
458,Sechura,0,PE,1575040326,84,-5.56,-80.82,68.36,6.38
459,Balabac,55,PH,1575040328,79,7.99,117.06,82.09,15.95
460,Mezhdurechensk,100,RU,1575040329,94,53.69,88.07,12.72,6.29
461,Goroka,69,PG,1575040330,97,-6.07,145.39,60.75,1.23
462,Tailai,100,CN,1575040331,43,46.39,123.41,13.33,8.43
463,Akureyri,40,IS,1575040332,79,65.68,-18.09,28.4,13.87
464,Trinidad,20,BO,1575040334,78,-14.83,-64.9,82.4,3.36
465,Oktyabrskiy,90,RU,1575040335,92,55.61,37.97,39.0,13.42
466,Port Shepstone,100,ZA,1575040336,52,-30.74,30.45,85.68,9.82
467,Vanimo,99,PG,1575040337,80,-2.67,141.3,82.83,11.43
468,Suluq,37,LY,1575040338,40,31.67,20.25,69.46,6.58
469,Dombarovskiy,5,RU,1575040339,75,50.76,59.54,16.21,9.01
470,San Cristobal,67,HN,1575040341,71,14.68,-86.92,72.82,3.98
471,Namtsy,100,RU,1575040342,75,62.72,129.66,-20.2,6.71
472,Ardmore,90,US,1575040343,70,34.99,-86.85,51.01,3.36
473,Samarai,30,PG,1575040344,92,-10.62,150.67,75.18,2.98
474,Merke,0,KZ,1575040345,68,42.87,73.19,10.9,3.96
475,Pontianak,80,ID,1575040347,95,-0.02,109.34,76.1,0.89
476,Lixourion,40,GR,1575040348,68,38.2,20.43,66.2,9.17
477,Port-Gentil,40,GA,1575040343,79,-0.72,8.78,86.0,12.75
478,Kungurtug,80,RU,1575040350,78,50.6,97.53,-6.16,3.85
479,Hobyo,91,SO,1575040351,66,5.35,48.53,80.56,12.3
480,Aklavik,90,CA,1575040181,79,68.22,-135.01,24.8,8.05
481,Altay,35,CN,1575040354,46,47.83,88.13,-2.76,2.64
482,Tagusao,99,PH,1575040355,89,9.19,117.81,76.46,6.85
483,Kitimat,5,CA,1575040356,73,54.02,-128.69,19.4,16.11
484,Tarabuco,78,BO,1575040357,48,-19.18,-64.92,64.4,6.89
485,Nova Vicosa,100,BR,1575040358,68,-17.89,-39.37,84.6,13.58
486,Mahabad,12,IR,1575040360,55,36.77,45.72,48.0,8.46
487,Candolim,75,IN,1575040361,74,15.52,73.76,84.2,6.93
488,Azare,55,NG,1575040362,12,11.67,10.19,93.6,11.14
489,Sibu,90,MY,1575040363,94,2.29,111.83,77.0,3.36
490,Gamba,0,CN,1575040364,56,28.28,88.52,18.55,4.5
491,Bon Air,1,US,1575040366,52,37.52,-77.56,46.99,6.93
492,Xinyu,53,CN,1575040367,58,27.8,114.93,49.03,3.62
493,Maymyo,20,MM,1575040368,78,22.03,96.47,71.6,2.24
494,Pandharpur,99,IN,1575040369,52,17.68,75.33,81.39,6.26
495,Brezno,75,SK,1575040370,87,48.81,19.64,46.99,6.93
496,Maceio,20,BR,1575040258,55,-9.67,-35.74,87.8,11.41
497,Keetmanshoop,20,NA,1575040373,9,-26.57,18.15,102.2,9.17
498,Fredericton,1,CA,1575040301,73,45.97,-66.65,32.0,19.46
499,Almaznyy,75,RU,1575040375,100,48.03,40.04,46.4,15.66
500,Topolobampo,90,MX,1575040377,78,25.6,-109.05,71.6,2.24
501,Novobirilyussy,100,RU,1575040378,91,56.95,90.69,9.93,8.88
502,Nakhon Phanom,0,LA,1575040379,83,17.4,104.79,65.55,4.54
503,Haysyn,97,UA,1575040380,94,48.81,29.39,42.85,5.17
504,Pilar,0,AR,1575040381,37,-34.46,-58.91,87.01,16.11
505,Torres,0,BR,1575040382,68,-29.34,-49.73,70.03,22.57
506,Deniliquin,40,AU,1575040384,64,-35.53,144.96,63.0,5.01
507,Powell,90,US,1575040387,69,40.16,-83.08,39.0,4.7
508,Andros Town,0,BS,1575040388,73,24.73,-77.79,75.99,7.0
509,Victoria,75,BN,1575040390,79,5.28,115.24,84.2,4.7
510,Ilulissat,90,GL,1575040391,79,69.22,-51.1,26.6,10.29
511,Noyabrsk,40,RU,1575040392,75,63.2,75.45,-12.55,7.31
512,Nawalapitiya,95,LK,1575040394,94,7.06,80.53,69.48,2.33
513,Sirjan,0,IR,1575040395,38,29.44,55.67,54.72,6.58
514,Manzhouli,100,CN,1575040396,95,49.6,117.43,0.12,4.72
515,Kasangulu,75,CD,1575040397,55,-4.59,15.17,89.6,11.41
516,Umm Kaddadah,5,SD,1575040399,11,13.6,26.69,82.6,15.75
517,Alexandria,85,RO,1575040142,76,43.97,25.33,55.0,3.0
518,Portland,20,US,1575040163,55,43.66,-70.25,37.99,20.8
519,Yinchuan,58,CN,1575040402,41,38.48,106.21,26.37,6.91
520,Pinheiro Machado,0,BR,1575040403,55,-31.58,-53.38,78.19,9.28
521,Shangqiu,99,CN,1575040404,52,34.42,115.65,43.32,5.73
522,Santo Antonio do Ica,100,BR,1575040406,59,-3.1,-67.94,90.55,0.69
523,Goma,89,CD,1575040407,95,-1.67,29.23,63.46,0.43
524,Toamasina,75,MG,1575040410,74,-18.17,49.38,82.4,9.17
525,Honolulu,40,US,1575040320,61,21.3,-157.86,77.0,10.29
526,Nuuk,90,GL,1575040413,73,64.17,-51.74,26.6,8.05
527,Mirabad,0,IR,1575040414,25,28.27,61.33,51.82,2.68
528,Kuching,75,MY,1575040416,94,1.56,110.34,77.0,3.36
529,Tura,100,RU,1575040418,89,64.27,100.22,-0.8,8.1
530,Serra,90,BR,1575040419,94,-20.13,-40.31,77.0,9.17
531,Heanor,0,GB,1575040420,80,53.01,-1.36,44.01,4.7
532,Champasak,61,LA,1575040421,81,14.89,105.88,70.66,1.43
533,Bria,0,CF,1575040423,26,6.54,21.99,91.08,3.67
534,Rio Gallegos,40,AR,1575040425,57,-51.62,-69.22,50.0,19.46
535,Eldoret,75,KE,1575040426,64,0.52,35.27,69.8,2.24
536,Puksoozero,100,RU,1575040427,95,62.59,40.61,34.81,10.51
537,Clonakilty,75,IE,1575040428,81,51.62,-8.87,48.0,11.41
